name,url
韩网建筑美化,https://m.cafe.naver.com/ca-fe/web/cafes/starvall/articles/297880?useCafeId=false&tc
韩网桃体女,https://blog.naver.com/codnjsdl8235/222314151470
韩网桃体男,https://blog.naver.com/codnjsdl8235/222314151485
蝴蝶发饰,https://srrk1002.postype.com/post/10854589
狐狸帽子,https://srrk1002.postype.com/post/10922406
魔法师帽子,https://blog.naver.com/chirodox/222554425992
魔法锅,https://blog.naver.com/ssm4031/221608130600
完美肖像,https://blog.naver.com/blythe0kim/222546602824
地灯,https://blog.naver.com/hym8796/222549711520
爱心灯,https://blog.naver.com/hym8796/222547783865
树液采集器,https://blog.naver.com/hym8796/222547751262
谷仓,https://blog.naver.com/hym8796/222547758800
粉色售货机,https://blog.naver.com/hym8796/222547722802
阿比盖尔,https://blog.naver.com/dbsdldbf15/222532826402
艾利欧特小屋和船,https://m.blog.naver.com/123sometimes/222466944590
热气球,https://m.blog.naver.com/123sometimes/222466965748
管风琴,https://m.blog.naver.com/kimki0789/222493278388
美人鱼家具,https://m.blog.naver.com/kimki0789/222490790700
帽子和衣服,https://m.blog.naver.com/kimki0789/222490776724
小狐狸帽子,https://m.blog.naver.com/kimki0789/222490694302
动物帽子,https://m.blog.naver.com/kimki0789/222490745532
gucci丝带,https://m.blog.naver.com/kimki0789/222500245383
头发衣服开叉裙,https://m.blog.naver.com/kimki0789/222490758463
背景,https://m.blog.naver.com/123sometimes/222466925173
身体型,https://stardew-arhen.tistory.com/4
厨房,https://stardew-arhen.tistory.com/17
壁纸,https://stardew-arhen.tistory.com/7
山姆,https://stardew-arhen.tistory.com/8
哈维,https://stardew-arhen.tistory.com/6
艾利欧特,https://stardew-arhen.tistory.com/5
宝宝,https://stardew-arhen.tistory.com/16
花束,https://blog.naver.com/blythe0kim/222440054969
灯,https://blog.naver.com/blythe0kim/222121668878
两层带卧室,https://blog.naver.com/whiskerycat/222194025456
小卧室,https://blog.naver.com/whiskerycat/222192007871
澡堂浴室,https://blog.naver.com/whiskerycat/222161626025
小海豹,https://kayainsdv.postype.com/post/10606638
暹罗猫,https://www.nexusmods.com/stardewvalley/mods/3875
鸡舍的动物超可爱,https://blog.naver.com/hyooun22/222479638496
添加小猫https://blog.naver.com/byeolchris/222488176792,
游戏机,https://blog.naver.com/ksisku56/222467316047
花花蟹笼 https://mochitail.postype.com/post/10619829,
水手变美人鱼,https://blog.naver.com/codnjsdl8235/222460968759
管风琴,https://blog.naver.com/kimki0789/222493278388
三丽鸥耳饰,https://blog.naver.com/gkswldms0416/222476164017
91顶帽子,https://blog.naver.com/sxdcdc/222475420599
可爱小动物头饰,https://blog.naver.com/codnjsdl8235/222439520284
季节性花冠,https://mochitail.postype.com/post/10620371
温室,https://blog.naver.com/whiskerycat/221786173043
咖啡厅,https://drive.google.com/file/d/1bAiNYQWrx-SXIlcbnDL_5BgK4J99K-MX/view
瀑布农场,https://blog.naver.com/sxdcdc/222020416927
野餐地板,https://blog.naver.com/codnjsdl8235/222309567280
稻草人变人物,https://blog.naver.com/codnjsdl8235/222122732102
避雷针变小招牌,https://blog.naver.com/codnjsdl8235/222080702713
玫瑰路灯,https://blog.naver.com/codnjsdl8235/222066048744
陨石美化,https://blog.naver.com/codnjsdl8235/222061937337
洒水器,https://blog.naver.com/codnjsdl8235/222030450486
车库,https://blog.naver.com/codnjsdl8235/222035702004
界面,https://blog.naver.com/ssm4031/222130321865
物品美化,https://blog.naver.com/ssm4031/221720539860
迷你作物,https://blog.naver.com/ssm4031/221860620080
回城法杖,https://blog.naver.com/ssm4031/221319656181
花盆美化,https://blog.naver.com/ssm4031/221722116603
工具,https://blog.naver.com/ssm4031/221611125875
婚礼拱门,https://blog.naver.com/ssm4031/221500917744
小马变小狐狸,https://blog.naver.com/codnjsdl8235/222247936709
马变云,https://blog.naver.com/codnjsdl8235/222030457732
动物变小宝宝,https://blog.naver.com/codnjsdl8235/222100173926
怪物美化,https://blog.naver.com/codnjsdl8235/222073002486
合集,https://blog.naver.com/ssm4031/221396507258
天使翅膀,https://blog.naver.com/codnjsdl8235/222093640842
机械风翅膀,https://blog.naver.com/codnjsdl8235/222049427205
天使翅膀,https://blog.naver.com/codnjsdl8235/222030495213
蝴蝶翅膀,https://blog.naver.com/codnjsdl8235/222030462820